State,Division,District,District Code,,
Admin,TEST,TEST1,TS01,,
Admin,Udaan,Udaan,UD01,,
Admin,Udaan,Vendor,UD02,,
Admin,Udaan,Temp1,UD03,,
Admin,Udaan,Temp2,UD04,,
Admin,Udaan,Temp3,UD05,,
Andaman and Nicobar,Andaman and Nicobar,Nicobar ,AN02,,
Andaman and Nicobar,Andaman and Nicobar,North and Middle Andaman ,AN03,,
Andaman and Nicobar,Andaman and Nicobar,South Andaman ,AN01,,
Andhra Pradesh,Andhra Pradesh,Anantapur ,AP02 ,,
Andhra Pradesh,Andhra Pradesh,Chittoor ,AP03 ,,
Andhra Pradesh,Andhra Pradesh,East Godavari ,AP05 ,,
Andhra Pradesh,Andhra Pradesh,Guntur ,AP07 ,,
Andhra Pradesh,Andhra Pradesh,Kadapa ,AP04,,
Andhra Pradesh,Andhra Pradesh,Krishna ,AP16 ,,
Andhra Pradesh,Andhra Pradesh,Kurnool ,AP21 ,,
Andhra Pradesh,Andhra Pradesh,Prakasam ,AP27 ,,
Andhra Pradesh,Andhra Pradesh,Sri Potti Sriramulu Nellore ,AP26,,
Andhra Pradesh,Andhra Pradesh,Srikakulam ,AP30 ,,
Andhra Pradesh,Andhra Pradesh,Visakhapatnam ,AP31 ,,
Andhra Pradesh,Andhra Pradesh,Vizianagaram ,AP35 ,,
Andhra Pradesh,Andhra Pradesh,West Godavari ,AP37 ,,
Arunachal Pradesh,Arunachal Pradesh,Anjaw ,AR17,,
Arunachal Pradesh,Arunachal Pradesh,Changlang ,AR12 ,,
Arunachal Pradesh,Arunachal Pradesh,Dibang Valley ,AR10 ,,
Arunachal Pradesh,Arunachal Pradesh,East Kameng ,AR05 ,,
Arunachal Pradesh,Arunachal Pradesh,East Siang ,AR09 ,,
Arunachal Pradesh,Arunachal Pradesh,Kra Daadi ,AR18,,
Arunachal Pradesh,Arunachal Pradesh,Kurung Kumey ,AR15 ,,
Arunachal Pradesh,Arunachal Pradesh,Lohit ,AR11 ,,
Arunachal Pradesh,Arunachal Pradesh,Longding ,AR19,,
Arunachal Pradesh,Arunachal Pradesh,Lower Dibang Valley ,AR20,,
Arunachal Pradesh,Arunachal Pradesh,Lower Subansiri ,AR06 ,,
Arunachal Pradesh,Arunachal Pradesh,Namsai ,AR21,,
Arunachal Pradesh,Arunachal Pradesh,Papum Pare ,AR22,,
Arunachal Pradesh,Arunachal Pradesh,Tawang ,AR03 ,,
Arunachal Pradesh,Arunachal Pradesh,Tirap ,AR13 ,,
Arunachal Pradesh,Arunachal Pradesh,Upper Siang ,AR14 ,,
Arunachal Pradesh,Arunachal Pradesh,Upper Subansiri ,AR07 ,,
Arunachal Pradesh,Arunachal Pradesh,West Kameng ,AR04 ,,
Arunachal Pradesh,Arunachal Pradesh,West Siang ,AR08 ,,
Assam,Assam,Baksa ,AS28 ,,
Assam,Assam,Barpeta ,AS15 ,,
Assam,Assam,Bongaigaon ,AS19 ,,
Assam,Assam,Cachar ,AS11 ,,
Assam,Assam,Chirang ,AS26 ,,
Assam,Assam,Darrang ,AS13 ,,
Assam,Assam,Dhemaji ,AS22 ,,
Assam,Assam,Dhubri ,AS17 ,,
Assam,Assam,Dibrugarh ,AS06 ,,
Assam,Assam,Dima Hasao ,AS08 ,,
Assam,Assam,Goalpara ,AS18 ,,
Assam,Assam,Golaghat ,AS05 ,,
Assam,Assam,Hailakandi ,AS24 ,,
Assam,Assam,Jorhat ,AS03 ,,
Assam,Assam,Kamrup ,AS25 ,,
Assam,Assam,Kamrup Metropolitan ,AS01 ,,
Assam,Assam,Karbi Anglong ,AS09 ,,
Assam,Assam,Karimganj ,AS10 ,,
Assam,Assam,Kokrajhar ,AS16 ,,
Assam,Assam,Lakhimpur ,AS07 ,,
Assam,Assam,Morigaon ,AS21 ,,
Assam,Assam,Nagaon ,AS02 ,,
Assam,Assam,Nalbari ,AS14 ,,
Assam,Assam,Sivasagar ,AS04 ,,
Assam,Assam,Sonitpur ,AS12 ,,
Assam,Assam,Tinsukia ,AS23 ,,
Assam,Assam,Udalguri ,AS27 ,,
Bihar,Bihar,Araria ,BR38 ,,
Bihar,Bihar,Arwal ,BR56 ,,
Bihar,Bihar,Aurangabad ,BR26 ,,
Bihar,Bihar,Banka ,BR51 ,,
Bihar,Bihar,Begusarai ,BR09 ,,
Bihar,Bihar,Bhagalpur ,BR10 ,,
Bihar,Bihar,Bhojpur ,BR03 ,,
Bihar,Bihar,Buxar ,BR44 ,,
Bihar,Bihar,Darbhanga ,BR07 ,,
Bihar,Bihar,East Champaran ,BR05 ,,
Bihar,Bihar,Gaya ,BR02 ,,
Bihar,Bihar,Gopalganj ,BR28 ,,
Bihar,Bihar,Jamui ,BR46 ,,
Bihar,Bihar,Jehanabad ,BR25 ,,
Bihar,Bihar,Kaimur ,BR45 ,,
Bihar,Bihar,Katihar ,BR39 ,,
Bihar,Bihar,Khagaria ,BR34 ,,
Bihar,Bihar,Kishanganj ,BR37 ,,
Bihar,Bihar,Lakhisarai ,BR53 ,,
Bihar,Bihar,Madhepura ,BR43 ,,
Bihar,Bihar,Madhubani ,BR32 ,,
Bihar,Bihar,Munger ,BR08 ,,
Bihar,Bihar,Muzaffarpur ,BR06 ,,
Bihar,Bihar,Nalanda ,BR21 ,,
Bihar,Bihar,Nawada ,BR27 ,,
Bihar,Bihar,Patna ,BR01 ,,
Bihar,Bihar,Purnia ,BR11 ,,
Bihar,Bihar,Rohtas ,BR57 ,,
Bihar,Bihar,Saharsa ,BR19 ,,
Bihar,Bihar,Samastipur ,BR33 ,,
Bihar,Bihar,Saran ,BR04 ,,
Bihar,Bihar,Sheikhpura ,BR52 ,,
Bihar,Bihar,Sheohar ,BR55 ,,
Bihar,Bihar,Sitamarhi ,BR30 ,,
Bihar,Bihar,Siwan ,BR29 ,,
Bihar,Bihar,Supaul ,BR50 ,,
Bihar,Bihar,Vaishali ,BR31,,
Bihar,Bihar,West Champaran ,BR22 ,,
Chandigarh ,Chandigarh ,Chandigarh ,CH01,,
Chhattisgarh,Chhattisgarh,Balod ,CG24 ,,
Chhattisgarh,Chhattisgarh,Baloda Bazar ,CG22 ,,
Chhattisgarh,Chhattisgarh,Balrampur ,CG30 ,,
Chhattisgarh,Chhattisgarh,Bastar ,CG17 ,,
Chhattisgarh,Chhattisgarh,Bemetara ,CG25 ,,
Chhattisgarh,Chhattisgarh,Bijapur ,CG20 ,,
Chhattisgarh,Chhattisgarh,Bilaspur ,CG10 ,,
Chhattisgarh,Chhattisgarh,Dantewada ,CG18 ,,
Chhattisgarh,Chhattisgarh,Dhamtari ,CG05 ,,
Chhattisgarh,Chhattisgarh,Durg ,CG07 ,,
Chhattisgarh,Chhattisgarh,Gariaband ,CG23 ,,
Chhattisgarh,Chhattisgarh,JanjgirChampa ,CG11 ,,
Chhattisgarh,Chhattisgarh,Jashpur ,CG14 ,,
Chhattisgarh,Chhattisgarh,Kabirdham,CG09 ,,
Chhattisgarh,Chhattisgarh,Kanker ,CG19 ,,
Chhattisgarh,Chhattisgarh,Kondagaon ,CG27 ,,
Chhattisgarh,Chhattisgarh,Korba ,CG12 ,,
Chhattisgarh,Chhattisgarh,Koriya ,CG16 ,,
Chhattisgarh,Chhattisgarh,Mahasamund ,CG06 ,,
Chhattisgarh,Chhattisgarh,Mungeli ,CG28 ,,
Chhattisgarh,Chhattisgarh,Narayanpur ,CG21 ,,
Chhattisgarh,Chhattisgarh,Raigarh ,CG13 ,,
Chhattisgarh,Chhattisgarh,Raipur ,CG04 ,,
Chhattisgarh,Chhattisgarh,Rajnandgaon ,CG08 ,,
Chhattisgarh,Chhattisgarh,Sukma ,CG26 ,,
Chhattisgarh,Chhattisgarh,Surajpur ,CG29 ,,
Chhattisgarh,Chhattisgarh,Surguja ,CG15 ,,
Dadra and Nagar Haveli,Dadra and Nagar Haveli,Dadra and Nagar Haveli ,DN09,,
Daman and Diu,Daman and Diu,Daman ,DD03,,
Daman and Diu,Daman and Diu,Diu ,DD02,,
Delhi,Delhi,Central Delhi ,DL06 ,,
Delhi,Delhi,East Delhi ,DL07 ,,
Delhi,Delhi,New Delhi ,DL02 ,,
Delhi,Delhi,North Delhi ,DL01 ,,
Delhi,Delhi,North East Delhi ,DL05 ,,
Delhi,Delhi,North West Delhi ,DL08 ,,
Delhi,Delhi,Shahdara ,DL13 ,,
Delhi,Delhi,South Delhi ,DL03 ,,
Delhi,Delhi,South East Delhi ,DL19,,
Delhi,Delhi,South West Delhi ,DL09 ,,
Delhi,Delhi,West Delhi ,DL04 ,,
Goa,Goa,North Goa ,GA01,,
Goa,Goa,South Goa ,GA08,,
Gujarat,Gujarat,Ahmedabad,GJ01,,
Gujarat,Gujarat,Amreli,GJ14,,
Gujarat,Gujarat,Anand,GJ23,,
Gujarat,Gujarat,Aravalli,GJ33,,
Gujarat,Gujarat,Banaskantha,GJ08,,
Gujarat,Gujarat,Bharuch,GJ16,,
Gujarat,Gujarat,Bhavnagar,GJ04,,
Gujarat,Gujarat,Botad,GJ32,,
Gujarat,Gujarat,Chhota Udaipur,GJ37,,
Gujarat,Gujarat,Dahod,GJ20,,
Gujarat,Gujarat,Dang,GJ30,,
Gujarat,Gujarat,Devbhoomi Dwarka,GJ34,,
Gujarat,Gujarat,Gandhinagar,GJ18,,
Gujarat,Gujarat,Gir Somnath,GJ38,,
Gujarat,Gujarat,Jamnagar,GJ10,,
Gujarat,Gujarat,Junagadh,GJ11,,
Gujarat,Gujarat,Kutch,GJ12,,
Gujarat,Gujarat,Kheda,GJ07,,
Gujarat,Gujarat,Mahisagar,GJ35,,
Gujarat,Gujarat,Mehsana,GJ02,,
Gujarat,Gujarat,Morbi,GJ36,,
Gujarat,Gujarat,Narmada,GJ22,,
Gujarat,Gujarat,Navsari,GJ21,,
Gujarat,Gujarat,Panchmahal,GJ17,,
Gujarat,Gujarat,Patan,GJ24,,
Gujarat,Gujarat,Porbandar,GJ25,,
Gujarat,Gujarat,Rajkot,GJ03,,
Gujarat,Gujarat,Sabarkantha,GJ09,,
Gujarat,Gujarat,Surat,GJ05,,
Gujarat,Gujarat,Surendranagar,GJ13,,
Gujarat,Gujarat,Tapi,GJ26,,
Gujarat,Gujarat,Vadodara,GJ06,,
Gujarat,Gujarat,Valsad,GJ15,,
Haryana,Haryana,Ambala ,HR01 ,,
Haryana,Haryana,Bhiwani ,HR16 ,,
Haryana,Haryana,Faridabad ,HR51 ,,
Haryana,Haryana,Fatehabad ,HR22 ,,
Haryana,Haryana,Gurgaon ,HR26 ,,
Haryana,Haryana,Hissar ,HR20 ,,
Haryana,Haryana,Jhajjar ,HR14 ,,
Haryana,Haryana,Jind ,HR09 ,,
Haryana,Haryana,Kaithal ,HR08 ,,
Haryana,Haryana,Karnal ,HR05 ,,
Haryana,Haryana,Kurukshetra ,HR07 ,,
Haryana,Haryana,Mahendragarh ,HR34 ,,
Haryana,Haryana,Mewat ,HR74 ,,
Haryana,Haryana,Palwal ,HR30 ,,
Haryana,Haryana,Panchkula ,HR03 ,,
Haryana,Haryana,Panipat ,HR06 ,,
Haryana,Haryana,Rewari ,HR36 ,,
Haryana,Haryana,Rohtak ,HR12 ,,
Haryana,Haryana,Sirsa ,HR24 ,,
Haryana,Haryana,Sonipat ,HR86 ,,
Haryana,Haryana,Yamuna Nagar ,HR90,,
Himachal Pradesh,Himachal Pradesh,Bilaspur ,HP24 ,,
Himachal Pradesh,Himachal Pradesh,Chamba ,HP48 ,,
Himachal Pradesh,Himachal Pradesh,Hamirpur ,HP22 ,,
Himachal Pradesh,Himachal Pradesh,Kangra ,HP40 ,,
Himachal Pradesh,Himachal Pradesh,Kinnaur ,HP25 ,,
Himachal Pradesh,Himachal Pradesh,Kullu ,HP34 ,,
Himachal Pradesh,Himachal Pradesh,Lahaul and Spiti ,HP42 ,,
Himachal Pradesh,Himachal Pradesh,Mandi ,HP05 ,,
Himachal Pradesh,Himachal Pradesh,Shimla ,HP07 ,,
Himachal Pradesh,Himachal Pradesh,Sirmaur ,HP18 ,,
Himachal Pradesh,Himachal Pradesh,Solan ,HP14 ,,
Himachal Pradesh,Himachal Pradesh,Una ,HP20 ,,
Jammu and Kashmir,Jammu and Kashmir,Anantnag ,JK03 ,,
Jammu and Kashmir,Jammu and Kashmir,Bandipora ,JK15 ,,
Jammu and Kashmir,Jammu and Kashmir,Baramulla ,JK05 ,,
Jammu and Kashmir,Jammu and Kashmir,Badgam ,JK04 ,,
Jammu and Kashmir,Jammu and Kashmir,Doda ,JK06 ,,
Jammu and Kashmir,Jammu and Kashmir,Ganderbal ,JK16 ,,
Jammu and Kashmir,Jammu and Kashmir,Jammu ,JK02 ,,
Jammu and Kashmir,Jammu and Kashmir,Kargil ,JK07 ,,
Jammu and Kashmir,Jammu and Kashmir,Kathua ,JK08 ,,
Jammu and Kashmir,Jammu and Kashmir,Kishtwar ,JK17 ,,
Jammu and Kashmir,Jammu and Kashmir,Kulgam ,JK18 ,,
Jammu and Kashmir,Jammu and Kashmir,Kupwara ,JK09 ,,
Jammu and Kashmir,Jammu and Kashmir,Leh ,JK10 ,,
Jammu and Kashmir,Jammu and Kashmir,Poonch ,JK12 ,,
Jammu and Kashmir,Jammu and Kashmir,Pulwama ,JK13 ,,
Jammu and Kashmir,Jammu and Kashmir,Rajouri ,JK11 ,,
Jammu and Kashmir,Jammu and Kashmir,Ramban ,JK19 ,,
Jammu and Kashmir,Jammu and Kashmir,Reasi ,JK20 ,,
Jammu and Kashmir,Jammu and Kashmir,Samba ,JK21 ,,
Jammu and Kashmir,Jammu and Kashmir,Shopian ,JK22 ,,
Jammu and Kashmir,Jammu and Kashmir,Srinagar ,JK01 ,,
Jammu and Kashmir,Jammu and Kashmir,Udhampur ,JK14 ,,
Jharkhand,Jharkhand,Bokaro ,JH09 ,,
Jharkhand,Jharkhand,Chatra ,JH13 ,,
Jharkhand,Jharkhand,Deoghar ,JH15 ,,
Jharkhand,Jharkhand,Dhanbad ,JH10 ,,
Jharkhand,Jharkhand,Dumka ,JH04 ,,
Jharkhand,Jharkhand,East Singhbhum ,JH05 ,,
Jharkhand,Jharkhand,Garhwa ,JH14 ,,
Jharkhand,Jharkhand,Giridih ,JH11 ,,
Jharkhand,Jharkhand,Godda ,JH17 ,,
Jharkhand,Jharkhand,Gumla ,JH07 ,,
Jharkhand,Jharkhand,Hazaribag ,JH02 ,,
Jharkhand,Jharkhand,Jamtara ,JH21 ,,
Jharkhand,Jharkhand,Khunti ,JH23,,
Jharkhand,Jharkhand,Koderma ,JH12 ,,
Jharkhand,Jharkhand,Latehar ,JH19 ,,
Jharkhand,Jharkhand,Lohardaga ,JH08 ,,
Jharkhand,Jharkhand,Pakur ,JH16 ,,
Jharkhand,Jharkhand,Palamu ,JH03 ,,
Jharkhand,Jharkhand,Ramgarh ,JH24,,
Jharkhand,Jharkhand,Ranchi ,JH01 ,,
Jharkhand,Jharkhand,Sahibganj ,JH18 ,,
Jharkhand,Jharkhand,Seraikela Kharsawan ,JH22 ,,
Jharkhand,Jharkhand,Simdega ,JH20 ,,
Jharkhand,Jharkhand,West Singhbhum ,JH06 ,,
Karnataka ,Karnataka ,Bagalkot ,KA29 ,,
Karnataka ,Karnataka ,Bellary ,KA34 ,,
Karnataka ,Karnataka ,Belgaum ,KA22 ,,
Karnataka ,Karnataka ,Bangalore Rural ,KA51 ,,
Karnataka ,Karnataka ,Bangalore Urban ,KA01 ,,
Karnataka ,Karnataka ,Bidar ,KA38 ,,
Karnataka ,Karnataka ,Chamarajnagar ,KA10 ,,
Karnataka ,Karnataka ,Chikkaballapur ,KA40 ,,
Karnataka ,Karnataka ,Chikkamagaluru ,KA18 ,,
Karnataka ,Karnataka ,Chitradurga ,KA16 ,,
Karnataka ,Karnataka ,Dakshina Kannada ,KA19 ,,
Karnataka ,Karnataka ,Davanagere ,KA17 ,,
Karnataka ,Karnataka ,Dharwad ,KA25 ,,
Karnataka ,Karnataka ,Gadag ,KA26 ,,
Karnataka ,Karnataka ,Hassan ,KA13 ,,
Karnataka ,Karnataka ,Haveri district ,KA27 ,,
Karnataka ,Karnataka ,Gulbarga ,KA32 ,,
Karnataka ,Karnataka ,Kodagu ,KA12 ,,
Karnataka ,Karnataka ,Kolar ,KA07 ,,
Karnataka ,Karnataka ,Koppal ,KA37 ,,
Karnataka ,Karnataka ,Mandya ,KA11 ,,
Karnataka ,Karnataka ,Mysore ,KA09 ,,
Karnataka ,Karnataka ,Raichur ,KA36 ,,
Karnataka ,Karnataka ,Ramanagara ,KA42 ,,
Karnataka ,Karnataka ,Shimoga ,KA14 ,,
Karnataka ,Karnataka ,Tumkur ,KA06 ,,
Karnataka ,Karnataka ,Udupi ,KA20 ,,
Karnataka ,Karnataka ,Uttara Kannada ,KA30 ,,
Karnataka ,Karnataka ,Vijayapura ,KA68,,
Karnataka ,Karnataka ,Yadgir ,KA33 ,,
Kerala ,Kerala ,Alappuzha ,KL04 ,,
Kerala ,Kerala ,Ernakulam ,KL07 ,,
Kerala ,Kerala ,Idukki ,KL06 ,,
Kerala ,Kerala ,Kannur ,KL13 ,,
Kerala ,Kerala ,Kasaragod ,KL14 ,,
Kerala ,Kerala ,Kollam ,KL02 ,,
Kerala ,Kerala ,Kottayam ,KL05 ,,
Kerala ,Kerala ,Kozhikode ,KL11 ,,
Kerala ,Kerala ,Malappuram ,KL10 ,,
Kerala ,Kerala ,Palakkad ,KL09 ,,
Kerala ,Kerala ,Pathanamthitta ,KL03 ,,
Kerala ,Kerala ,Thrissur ,KL08 ,,
Kerala ,Kerala ,Thiruvananthapuram ,KL22 ,,
Kerala ,Kerala ,Wayanad ,KL12 ,,
Lakshadweep ,Lakshadweep ,Lakshadweep ,LD01,,
Madhya Pradesh ,Madhya Pradesh ,Agar Malwa ,MP70 ,,
Madhya Pradesh ,Madhya Pradesh ,Alirajpur ,MP69 ,,
Madhya Pradesh ,Madhya Pradesh ,Anuppur ,MP65 ,,
Madhya Pradesh ,Madhya Pradesh ,Ashok Nagar ,MP67 ,,
Madhya Pradesh ,Madhya Pradesh ,Balaghat ,MP50 ,,
Madhya Pradesh ,Madhya Pradesh ,Barwani ,MP46 ,,
Madhya Pradesh ,Madhya Pradesh ,Betul ,MP48 ,,
Madhya Pradesh ,Madhya Pradesh ,Bhind ,MP30 ,,
Madhya Pradesh ,Madhya Pradesh ,Bhopal ,MP04 ,,
Madhya Pradesh ,Madhya Pradesh ,Burhanpur ,MP68 ,,
Madhya Pradesh ,Madhya Pradesh ,Chhatarpur ,MP16 ,,
Madhya Pradesh ,Madhya Pradesh ,Chhindwara ,MP28 ,,
Madhya Pradesh ,Madhya Pradesh ,Damoh ,MP34 ,,
Madhya Pradesh ,Madhya Pradesh ,Datia ,MP32 ,,
Madhya Pradesh ,Madhya Pradesh ,Dewas ,MP41 ,,
Madhya Pradesh ,Madhya Pradesh ,Dhar ,MP11 ,,
Madhya Pradesh ,Madhya Pradesh ,Dindori ,MP52 ,,
Madhya Pradesh ,Madhya Pradesh ,Guna ,MP08 ,,
Madhya Pradesh ,Madhya Pradesh ,Gwalior ,MP07 ,,
Madhya Pradesh ,Madhya Pradesh ,Harda ,MP47 ,,
Madhya Pradesh ,Madhya Pradesh ,Hoshangabad ,MP05 ,,
Madhya Pradesh ,Madhya Pradesh ,Indore ,MP09 ,,
Madhya Pradesh ,Madhya Pradesh ,Jabalpur ,MP20 ,,
Madhya Pradesh ,Madhya Pradesh ,Jhabua ,MP45 ,,
Madhya Pradesh ,Madhya Pradesh ,Katni ,MP21 ,,
Madhya Pradesh ,Madhya Pradesh ,Khandwa,MP12 ,,
Madhya Pradesh ,Madhya Pradesh ,Khargone,MP10 ,,
Madhya Pradesh ,Madhya Pradesh ,Mandla ,MP51 ,,
Madhya Pradesh ,Madhya Pradesh ,Mandsaur ,MP14 ,,
Madhya Pradesh ,Madhya Pradesh ,Morena ,MP06 ,,
Madhya Pradesh ,Madhya Pradesh ,Narsinghpur ,MP49 ,,
Madhya Pradesh ,Madhya Pradesh ,Neemuch ,MP44 ,,
Madhya Pradesh ,Madhya Pradesh ,Panna ,MP35 ,,
Madhya Pradesh ,Madhya Pradesh ,Raisen ,MP38 ,,
Madhya Pradesh ,Madhya Pradesh ,Rajgarh ,MP39 ,,
Madhya Pradesh ,Madhya Pradesh ,Ratlam ,MP43 ,,
Madhya Pradesh ,Madhya Pradesh ,Rewa ,MP17 ,,
Madhya Pradesh ,Madhya Pradesh ,Sagar ,MP15 ,,
Madhya Pradesh ,Madhya Pradesh ,Satna ,MP19 ,,
Madhya Pradesh ,Madhya Pradesh ,Sehore ,MP37 ,,
Madhya Pradesh ,Madhya Pradesh ,Seoni ,MP22 ,,
Madhya Pradesh ,Madhya Pradesh ,Shahdol ,MP18 ,,
Madhya Pradesh ,Madhya Pradesh ,Shajapur ,MP42 ,,
Madhya Pradesh ,Madhya Pradesh ,Sheopur ,MP31 ,,
Madhya Pradesh ,Madhya Pradesh ,Shivpuri ,MP33 ,,
Madhya Pradesh ,Madhya Pradesh ,Sidhi ,MP53 ,,
Madhya Pradesh ,Madhya Pradesh ,Singrauli ,MP66 ,,
Madhya Pradesh ,Madhya Pradesh ,Tikamgarh ,MP36 ,,
Madhya Pradesh ,Madhya Pradesh ,Ujjain ,MP13 ,,
Madhya Pradesh ,Madhya Pradesh ,Umaria ,MP54 ,,
Madhya Pradesh ,Madhya Pradesh ,Vidisha ,MP40 ,,
Maharashtra,Nashik,Ahmednagar,MH16,,
Maharashtra,Amravati,Akola,MH30,,
Maharashtra,Amravati,Amravati,MH27,,
Maharashtra,Aurangabad,Aurangabad,MH20,,
Maharashtra,Aurangabad,Beed,MH23,,
Maharashtra,Nagpur,Bhandara,MH36,,
Maharashtra,Amravati,Buldhana,MH28,,
Maharashtra,Nagpur,Chandrapur,MH34,,
Maharashtra,Nashik,Dhule,MH18,,
Maharashtra,Nagpur,Gadchiroli,MH33,,
Maharashtra,Nagpur,Gondia,MH35,,
Maharashtra,Aurangabad,Hingoli,MH38,,
Maharashtra,Nashik,Jalgaon,MH19,,
Maharashtra,Aurangabad,Jalna,MH21,,
Maharashtra,Pune,Kolhapur,MH09,,
Maharashtra,Aurangabad,Latur,MH24,,
Maharashtra,Konkan,Mumbai City,MH01,,
Maharashtra,Konkan,Mumbai Suburban,MH05,,
Maharashtra,Nagpur,Nagpur,MH31,,
Maharashtra,Aurangabad,Nanded,MH26,,
Maharashtra,Nashik,Nandurbar,MH39,,
Maharashtra,Nashik,Nashik,MH15,,
Maharashtra,Aurangabad,Osmanabad,MH25,,
Maharashtra,Aurangabad,Parbhani,MH22,,
Maharashtra,Pune,Pune,MH12,,
Maharashtra,Konkan,Raigad,MH06,,
Maharashtra,Konkan,Ratnagiri,MH08,,
Maharashtra,Pune,Sangli,MH10,,
Maharashtra,Pune,Satara,MH11,,
Maharashtra,Konkan,Sindhudurg,MH07,,
Maharashtra,Pune,Solapur,MH13,,
Maharashtra,Konkan,Thane,MH04,,
Maharashtra,Nagpur,Wardha,MH32,,
Maharashtra,Amravati,Washim,MH37,,
Maharashtra,Amravati,Yavatmal,MH29,,
Manipur ,Manipur ,Bishnupur ,MN05 ,,
Manipur ,Manipur ,Churachandpur ,MN02 ,,
Manipur ,Manipur ,Chandel ,MN08,,
Manipur ,Manipur ,Imphal East ,MN06 ,,
Manipur ,Manipur ,Senapati ,MN09,,
Manipur ,Manipur ,Tamenglong ,MN10,,
Manipur ,Manipur ,Thoubal ,MN04 ,,
Manipur ,Manipur ,Ukhrul ,MN07 ,,
Manipur ,Manipur ,Imphal West ,MN01 ,,
Meghalaya ,Meghalaya ,East Garo Hills ,ML07 ,,
Meghalaya ,Meghalaya ,East Khasi Hills ,ML05 ,,
Meghalaya ,Meghalaya ,East Jaintia Hills ,ML04 ,,
Meghalaya ,Meghalaya ,North Garo Hills ,ML11,,
Meghalaya ,Meghalaya ,Ri Bhoi ,ML10 ,,
Meghalaya ,Meghalaya ,South Garo Hills ,ML09 ,,
Meghalaya ,Meghalaya ,South West Garo Hills ,ML12,,
Meghalaya ,Meghalaya ,South West Khasi Hills ,ML13,,
Meghalaya ,Meghalaya ,West Jaintia Hills ,Ml14,,
Meghalaya ,Meghalaya ,West Garo Hills ,ML08 ,,
Meghalaya ,Meghalaya ,West Khasi Hills ,ML06 ,,
Mizoram ,Mizoram ,Aizawl ,MZ01 ,,
Mizoram ,Mizoram ,Champhai ,MZ04 ,,
Mizoram ,Mizoram ,Kolasib ,MZ05 ,,
Mizoram ,Mizoram ,Lawngtlai ,MZ07 ,,
Mizoram ,Mizoram ,Lunglei ,MZ02 ,,
Mizoram ,Mizoram ,Mamit ,MZ08 ,,
Mizoram ,Mizoram ,Saiha ,MZ03 ,,
Mizoram ,Mizoram ,Serchhip ,MZ06 ,,
Nagaland ,Nagaland ,Dimapur ,NL07 ,,
Nagaland ,Nagaland ,Kiphire ,NL08 ,,
Nagaland ,Nagaland ,Kohima ,NL01 ,,
Nagaland ,Nagaland ,Longleng ,NL09,,
Nagaland ,Nagaland ,Mokokchung ,NL02 ,,
Nagaland ,Nagaland ,Mon ,NL04 ,,
Nagaland ,Nagaland ,Peren ,NL10,,
Nagaland ,Nagaland ,Phek ,NL08 ,,
Nagaland ,Nagaland ,Tuensang ,NL03 ,,
Nagaland ,Nagaland ,Wokha ,NL05 ,,
Nagaland ,Nagaland ,Zunheboto ,NL06 ,,
Odisha ,Odisha ,Angul ,OD19 ,,
Odisha ,Odisha ,Boudh,OD27 ,,
Odisha ,Odisha ,Bhadrak ,OD22 ,,
Odisha ,Odisha ,Balangir ,OD03 ,,
Odisha ,Odisha ,Bargarh,OD17 ,,
Odisha ,Odisha ,Balasore ,OD01 ,,
Odisha ,Odisha ,Cuttack ,OD05 ,,
Odisha ,Odisha ,Debagarh,OD28 ,,
Odisha ,Odisha ,Dhenkanal ,OD06 ,,
Odisha ,Odisha ,Ganjam ,OD07 ,,
Odisha ,Odisha ,Gajapati ,OD20 ,,
Odisha ,Odisha ,Jharsuguda ,OD23 ,,
Odisha ,Odisha ,Jajpur ,OD34 ,,
Odisha ,Odisha ,Jagatsinghpur ,OD21 ,,
Odisha ,Odisha ,Khordha ,OD36,,
Odisha ,Odisha ,Kendujhar,OD09 ,,
Odisha ,Odisha ,Kalahandi ,OD08 ,,
Odisha ,Odisha ,Kandhamal ,OD12 ,,
Odisha ,Odisha ,Koraput ,OD10 ,,
Odisha ,Odisha ,Kendrapara ,OD29 ,,
Odisha ,Odisha ,Malkangiri ,OD30 ,,
Odisha ,Odisha ,Mayurbhanj ,OD11 ,,
Odisha ,Odisha ,Nabarangpur ,OD24 ,,
Odisha ,Odisha ,Nuapada ,OD26 ,,
Odisha ,Odisha ,Nayagarh ,OD25 ,,
Odisha ,Odisha ,Puri ,OD13 ,,
Odisha ,Odisha ,Rayagada ,OD18 ,,
Odisha ,Odisha ,Sambalpur ,OD15 ,,
Odisha ,Odisha ,Subarnapur,OD31 ,,
Odisha ,Odisha ,Sundargarh ,OD16 ,,
Puducherry ,Puducherry ,Karaikal ,PY02 ,,
Puducherry ,Puducherry ,Mahe ,PY03 ,,
Puducherry ,Puducherry ,Pondicherry ,PY01 ,,
Puducherry ,Puducherry ,Yanam ,PY04 ,,
Punjab ,Punjab ,Amritsar ,PB02 ,,
Punjab ,Punjab ,Barnala ,PB19 ,,
Punjab ,Punjab ,Bathinda ,PB03 ,,
Punjab ,Punjab ,Firozpur ,PB05 ,,
Punjab ,Punjab ,Faridkot ,PB04 ,,
Punjab ,Punjab ,Fatehgarh Sahib ,PB23 ,,
Punjab ,Punjab ,Fazilka,PB22 ,,
Punjab ,Punjab ,Gurdaspur ,PB06 ,,
Punjab ,Punjab ,Hoshiarpur ,PB07 ,,
Punjab ,Punjab ,Jalandhar ,PB08 ,,
Punjab ,Punjab ,Kapurthala ,PB09 ,,
Punjab ,Punjab ,Ludhiana ,PB10 ,,
Punjab ,Punjab ,Mansa ,PB31 ,,
Punjab ,Punjab ,Moga ,PB29 ,,
Punjab ,Punjab ,Sri Muktsar Sahib ,PB30 ,,
Punjab ,Punjab ,Pathankot ,PB35 ,,
Punjab ,Punjab ,Patiala ,PB11 ,,
Punjab ,Punjab ,Rupnagar ,PB12,,
Punjab ,Punjab ,Sahibzada Ajit Singh Nagar ,PB65,,
Punjab ,Punjab ,Sangrur ,PB13 ,,
Punjab ,Punjab ,Shahid Bhagat Singh Nagar ,PB32 ,,
Punjab ,Punjab ,Tarn Taran ,PB46 ,,
Rajasthan ,Rajasthan ,Ajmer ,RJ01 ,,
Rajasthan ,Rajasthan ,Alwar ,RJ02 ,,
Rajasthan ,Rajasthan ,Bikaner ,RJ07 ,,
Rajasthan ,Rajasthan ,Barmer ,RJ39 ,,
Rajasthan ,Rajasthan ,Banswara ,RJ03 ,,
Rajasthan ,Rajasthan ,Bharatpur ,RJ05 ,,
Rajasthan ,Rajasthan ,Baran ,RJ28 ,,
Rajasthan ,Rajasthan ,Bundi ,RJ08 ,,
Rajasthan ,Rajasthan ,Bhilwara ,RJ06 ,,
Rajasthan ,Rajasthan ,Churu ,RJ10 ,,
Rajasthan ,Rajasthan ,Chittorgarh ,RJ09 ,,
Rajasthan ,Rajasthan ,Dausa ,RJ29 ,,
Rajasthan ,Rajasthan ,Dholpur ,RJ11 ,,
Rajasthan ,Rajasthan ,Dungapur ,RJ12 ,,
Rajasthan ,Rajasthan ,Ganganagar ,RJ13 ,,
Rajasthan ,Rajasthan ,Hanumangarh ,RJ31 ,,
Rajasthan ,Rajasthan ,Jhunjhunu ,RJ18 ,,
Rajasthan ,Rajasthan ,Jalore ,RJ16 ,,
Rajasthan ,Rajasthan ,Jodhpur ,RJ19 ,,
Rajasthan ,Rajasthan ,Jaipur ,RJ14 ,,
Rajasthan ,Rajasthan ,Jaisalmer ,RJ15 ,,
Rajasthan ,Rajasthan ,Jhalawar ,RJ17 ,,
Rajasthan ,Rajasthan ,Karauli ,RJ34 ,,
Rajasthan ,Rajasthan ,Kota ,RJ20 ,,
Rajasthan ,Rajasthan ,Nagaur ,RJ21 ,,
Rajasthan ,Rajasthan ,Pali ,RJ22 ,,
Rajasthan ,Rajasthan ,Pratapgarh ,RJ35 ,,
Rajasthan ,Rajasthan ,Rajsamand ,RJ30 ,,
Rajasthan ,Rajasthan ,Sikar ,RJ23 ,,
Rajasthan ,Rajasthan ,Sawai Madhopur ,RJ25 ,,
Rajasthan ,Rajasthan ,Sirohi ,RJ24 ,,
Rajasthan ,Rajasthan ,Tonk ,RJ26 ,,
Rajasthan ,Rajasthan ,Udaipur ,RJ27 ,,
Sikkim ,Sikkim ,East Sikkim ,SK01,,
Sikkim ,Sikkim ,North Sikkim ,SK03,,
Sikkim ,Sikkim ,South Sikkim ,SK06,,
Sikkim ,Sikkim ,West Sikkim ,SK02,,
Tamil Nadu,Tamil Nadu,Ariyalur ,TN61 ,,
Tamil Nadu,Tamil Nadu,Chennai ,TN01 ,,
Tamil Nadu,Tamil Nadu,Coimbatore ,TN66 ,,
Tamil Nadu,Tamil Nadu,Cuddalore ,TN31 ,,
Tamil Nadu,Tamil Nadu,Dharmapuri ,TN29 ,,
Tamil Nadu,Tamil Nadu,Dindigul ,TN57 ,,
Tamil Nadu,Tamil Nadu,Erode ,TN33 ,,
Tamil Nadu,Tamil Nadu,Kanchipuram ,TN74 ,,
Tamil Nadu,Tamil Nadu,Kanyakumari ,TN74 ,,
Tamil Nadu,Tamil Nadu,Karur ,TN47 ,,
Tamil Nadu,Tamil Nadu,Krishnagiri ,TN24 ,,
Tamil Nadu,Tamil Nadu,Madurai ,TN58 ,,
Tamil Nadu,Tamil Nadu,Nagapattinam ,TN51 ,,
Tamil Nadu,Tamil Nadu,Nilgiris ,TN43 ,,
Tamil Nadu,Tamil Nadu,Namakkal ,TN28 ,,
Tamil Nadu,Tamil Nadu,Perambalur ,TN46 ,,
Tamil Nadu,Tamil Nadu,Pudukkottai ,TN55 ,,
Tamil Nadu,Tamil Nadu,Ramanathapuram ,TN65 ,,
Tamil Nadu,Tamil Nadu,Salem ,TN30 ,,
Tamil Nadu,Tamil Nadu,Sivaganga ,TN63 ,,
Tamil Nadu,Tamil Nadu,Tirupur ,TN39 ,,
Tamil Nadu,Tamil Nadu,Tiruchirappalli ,TN45 ,,
Tamil Nadu,Tamil Nadu,Theni ,TN60 ,,
Tamil Nadu,Tamil Nadu,Tirunelveli ,TN72 ,,
Tamil Nadu,Tamil Nadu,Thanjavur ,TN49 ,,
Tamil Nadu,Tamil Nadu,Thoothukudi ,TN69 ,,
Tamil Nadu,Tamil Nadu,Tiruvallur ,TN20 ,,
Tamil Nadu,Tamil Nadu,Tiruvarur ,TN50 ,,
Tamil Nadu,Tamil Nadu,Tiruvannamalai ,TN25 ,,
Tamil Nadu,Tamil Nadu,Vellore ,TN23 ,,
Tamil Nadu,Tamil Nadu,Viluppuram ,TN32 ,,
Tamil Nadu,Tamil Nadu,Virudhunagar ,TN67 ,,
Telangana ,Telangana ,Adilabad ,TS01 ,,
Telangana ,Telangana ,Hyderabad ,TS09 ,,
Telangana ,Telangana ,Karimnagar ,TS02 ,,
Telangana ,Telangana ,Khammam ,TS04 ,,
Telangana ,Telangana ,Mahbubnagar ,TS06 ,,
Telangana ,Telangana ,Medak ,TS15 ,,
Telangana ,Telangana ,Nalgonda ,TS05 ,,
Telangana ,Telangana ,Nizamabad ,TS16 ,,
Telangana ,Telangana ,Ranga Reddy ,TS07 ,,
Telangana ,Telangana ,Warangal ,TS03 ,,
Tripura ,Tripura ,Dhalai ,TR04 ,,
Tripura ,Tripura ,Gomati ,TR03 ,,
Tripura ,Tripura ,Khowai,TR07,,
Tripura ,Tripura ,North Tripura ,TR05 ,,
Tripura ,Tripura ,Sepahijala,TR08,,
Tripura ,Tripura ,South Tripura ,TR09,,
Tripura ,Tripura ,Unokoti,TR10,,
Tripura ,Tripura ,West Tripura ,TR01 ,,
Uttar Pradesh,Uttar Pradesh,Agra ,UP80 ,,
Uttar Pradesh,Uttar Pradesh,Aligarh ,UP81 ,,
Uttar Pradesh,Uttar Pradesh,Allahabad ,UP70 ,,
Uttar Pradesh,Uttar Pradesh,Ambedkar Nagar ,UP45 ,,
Uttar Pradesh,Uttar Pradesh,Amethi,UP36 ,,
Uttar Pradesh,Uttar Pradesh,Amroha,UP23 ,,
Uttar Pradesh,Uttar Pradesh,Auraiya ,UP79 ,,
Uttar Pradesh,Uttar Pradesh,Azamgarh ,UP50 ,,
Uttar Pradesh,Uttar Pradesh,Bagpat ,UP17 ,,
Uttar Pradesh,Uttar Pradesh,Bahraich ,UP40 ,,
Uttar Pradesh,Uttar Pradesh,Ballia ,UP60 ,,
Uttar Pradesh,Uttar Pradesh,Balrampur ,UP47 ,,
Uttar Pradesh,Uttar Pradesh,Banda ,UP90 ,,
Uttar Pradesh,Uttar Pradesh,Barabanki ,UP41 ,,
Uttar Pradesh,Uttar Pradesh,Bareilly ,UP25 ,,
Uttar Pradesh,Uttar Pradesh,Basti ,UP51 ,,
Uttar Pradesh,Uttar Pradesh,Bijnor ,UP20 ,,
Uttar Pradesh,Uttar Pradesh,Budaun ,UP24 ,,
Uttar Pradesh,Uttar Pradesh,Bulandshahr ,UP13 ,,
Uttar Pradesh,Uttar Pradesh,Chandauli ,UP67 ,,
Uttar Pradesh,Uttar Pradesh,Chitrakoot ,UP96 ,,
Uttar Pradesh,Uttar Pradesh,Deoria ,UP52 ,,
Uttar Pradesh,Uttar Pradesh,Etah ,UP82 ,,
Uttar Pradesh,Uttar Pradesh,Etawah ,UP75 ,,
Uttar Pradesh,Uttar Pradesh,Faizabad ,UP42 ,,
Uttar Pradesh,Uttar Pradesh,Farrukhabad ,UP76 ,,
Uttar Pradesh,Uttar Pradesh,Fatehpur ,UP71 ,,
Uttar Pradesh,Uttar Pradesh,Firozabad ,UP83 ,,
Uttar Pradesh,Uttar Pradesh,Gautam Buddh Nagar ,UP16 ,,
Uttar Pradesh,Uttar Pradesh,Ghaziabad ,UP14 ,,
Uttar Pradesh,Uttar Pradesh,Ghazipur ,UP61 ,,
Uttar Pradesh,Uttar Pradesh,Gonda ,UP43 ,,
Uttar Pradesh,Uttar Pradesh,Gorakhpur ,UP53 ,,
Uttar Pradesh,Uttar Pradesh,Hamirpur ,UP91 ,,
Uttar Pradesh,Uttar Pradesh,Hapur,UP37 ,,
Uttar Pradesh,Uttar Pradesh,Hardoi ,UP30 ,,
Uttar Pradesh,Uttar Pradesh,Hathras,UP86 ,,
Uttar Pradesh,Uttar Pradesh,Jalaun ,UP92 ,,
Uttar Pradesh,Uttar Pradesh,Jaunpur district ,UP62 ,,
Uttar Pradesh,Uttar Pradesh,Jhansi ,UP93 ,,
Uttar Pradesh,Uttar Pradesh,Kannauj ,UP74 ,,
Uttar Pradesh,Uttar Pradesh,Kanpur Dehat,UP77 ,,
Uttar Pradesh,Uttar Pradesh,Kanpur Nagar ,UP78 ,,
Uttar Pradesh,Uttar Pradesh,Kasganj,UP87 ,,
Uttar Pradesh,Uttar Pradesh,Kaushambi ,UP73 ,,
Uttar Pradesh,Uttar Pradesh,Kushinagar ,UP57 ,,
Uttar Pradesh,Uttar Pradesh,Lakhimpur Kheri ,UP31 ,,
Uttar Pradesh,Uttar Pradesh,Lalitpur ,UP94 ,,
Uttar Pradesh,Uttar Pradesh,Lucknow ,UP32 ,,
Uttar Pradesh,Uttar Pradesh,Maharajganj ,UP56 ,,
Uttar Pradesh,Uttar Pradesh,Mahoba ,UP95 ,,
Uttar Pradesh,Uttar Pradesh,Mainpuri ,UP84 ,,
Uttar Pradesh,Uttar Pradesh,Mathura ,UP85 ,,
Uttar Pradesh,Uttar Pradesh,Mau ,UP54 ,,
Uttar Pradesh,Uttar Pradesh,Meerut ,UP15 ,,
Uttar Pradesh,Uttar Pradesh,Mirzapur ,UP63 ,,
Uttar Pradesh,Uttar Pradesh,Moradabad ,UP21 ,,
Uttar Pradesh,Uttar Pradesh,Muzaffarnagar ,UP12 ,,
Uttar Pradesh,Uttar Pradesh,Pilibhit ,UP26 ,,
Uttar Pradesh,Uttar Pradesh,Pratapgarh ,UP72 ,,
Uttar Pradesh,Uttar Pradesh,Raebareli ,UP33 ,,
Uttar Pradesh,Uttar Pradesh,Rampur ,UP22 ,,
Uttar Pradesh,Uttar Pradesh,Saharanpur ,UP11 ,,
Uttar Pradesh,Uttar Pradesh,Sambhal,UP38 ,,
Uttar Pradesh,Uttar Pradesh,Sant Kabir Nagar ,UP58 ,,
Uttar Pradesh,Uttar Pradesh,Sant Ravidas Nagar ,UP66 ,,
Uttar Pradesh,Uttar Pradesh,Shahjahanpur ,UP27 ,,
Uttar Pradesh,Uttar Pradesh,Shamli,UP19 ,,
Uttar Pradesh,Uttar Pradesh,Shravasti ,UP46 ,,
Uttar Pradesh,Uttar Pradesh,Siddharthnagar ,UP55 ,,
Uttar Pradesh,Uttar Pradesh,Sitapur ,UP34 ,,
Uttar Pradesh,Uttar Pradesh,Sonbhadra ,UP64 ,,
Uttar Pradesh,Uttar Pradesh,Sultanpur ,UP44 ,,
Uttar Pradesh,Uttar Pradesh,Unnao ,UP35 ,,
Uttar Pradesh,Uttar Pradesh,Varanasi ,UP65 ,,
Uttarakhand ,Uttarakhand ,Almora ,UA19,,
Uttarakhand ,Uttarakhand ,Bageshwar ,UA20,,
Uttarakhand ,Uttarakhand ,Chamoli ,UA11 ,,
Uttarakhand ,Uttarakhand ,Champawat ,UA21,,
Uttarakhand ,Uttarakhand ,Dehradun ,UA07 ,,
Uttarakhand ,Uttarakhand ,Haridwar ,UA08 ,,
Uttarakhand ,Uttarakhand ,Nainital ,UA22,,
Uttarakhand ,Uttarakhand ,Pauri Garhwal ,UA12 ,,
Uttarakhand ,Uttarakhand ,Pithoragarh ,UA23,,
Uttarakhand ,Uttarakhand ,Rudraprayag ,UA13 ,,
Uttarakhand ,Uttarakhand ,Tehri Garhwal ,UA09 ,,
Uttarakhand ,Uttarakhand ,Udham Singh Nagar ,UA24,,
Uttarakhand ,Uttarakhand ,Uttarkashi ,UA10 ,,
West Bengal,West Bengal,Alipurduar ,WB70 ,,
West Bengal,West Bengal,Bankura ,WB68 ,,
West Bengal,West Bengal,Bardhaman ,WB42 ,,
West Bengal,West Bengal,Birbhum ,WB54 ,,
West Bengal,West Bengal,Cooch Behar ,WB64 ,,
West Bengal,West Bengal,Dakshin Dinajpur ,WB62 ,,
West Bengal,West Bengal,Darjeeling ,WB77 ,,
West Bengal,West Bengal,Hooghly ,WB16 ,,
West Bengal,West Bengal,Howrah ,WB12 ,,
West Bengal,West Bengal,Jalpaiguri ,WB72 ,,
West Bengal,West Bengal,Kolkata ,WB01 ,,
West Bengal,West Bengal,Maldah ,WB66 ,,
West Bengal,West Bengal,Murshidabad ,WB58 ,,
West Bengal,West Bengal,Nadia ,WB52 ,,
West Bengal,West Bengal,North 24 Parganas ,WB26 ,,
West Bengal,West Bengal,Paschim Medinipur ,WB34 ,,
West Bengal,West Bengal,Purba Medinipur ,WB30 ,,
West Bengal,West Bengal,Purulia ,WB56 ,,
West Bengal,West Bengal,South 24 Parganas ,WB20 ,,
West Bengal,West Bengal,Uttar Dinajpur ,WB60 ,,